Sl No,Product Name,Price
1,ELYSIUM POUR HOMME,"27,000.00"
2,Ganymede,"17,500.00"
3,Aventus,"37,450.00"
4,Scherzo,"18,600.00"
5,1872 Masculine,"32,300.00"
6,Imperium,"16,400.00"
7,Minuit Et Demi,"26,800.00"
8,No.89,"9,900.00"
9,Bohemian Infusion,"26,300.00"
10,PÉNG LÁI,"8,000.00"
11,No. 1 Masculine,"69,300.00"
12,Iris Tubéreuse,"27,000.00"
13,Splendiris,"12,800.00"
14,Il Sentiero Degli Dei,"10,000.00"
15,Debaser,"21,600.00"
16,White Rose,"9,900.00"
17,Anniversario,"22,000.00"
18,Haibah,"91,300.00"
19,TSARINA,"9,450.00"
20,Violet Ida,"15,000.00"
